,Exergy in,Useful out,Waste out,Destroyed,ψ,Improvement potential,Energy view: heat lost,Energy rank,Exergy rank
TMP plant,1014.9999999999999,148.10314643853522,60.59366335685517,806.3031902046096,0.14591442998870466,740.404093315042,544.3234856569532,2,1
Paper machines,336.59798911660846,0.0,49.507548721878806,287.0904403947296,0.0,336.59798911660846,643.0426886258944,1,2
Electric boilers,145.0,44.73949215330751,0.0,100.26050784669249,0.30854822174694835,69.32530643914956,2.816469625537991,10,3
Hot water & heating,42.20939673498254,11.28587382832611,0.0,30.92352290665643,0.26737823094667784,22.655246057235562,122.26580658776832,3,4
Steam network,192.84263859184273,185.12893304816905,0.0,7.713705543673683,0.9600000000000002,0.3085482217469459,24.514401788700347,5,10
Bleaching,21.6,0.0,0.0,21.6,0.0,21.6,21.6,7,6
WWTP,21.9,0.0,0.0,21.9,0.0,21.9,21.9,6,5
Wood handling,20.22154719657803,0.0,0.0,20.22154719657803,0.0,20.22154719657803,25.0601477151457,4,7
Utilities & other,18.1,0.0,0.0,18.1,0.0,18.1,18.1,8,8
Internal grid losses,14.5,0.0,0.0,14.5,0.0,14.5,14.5,9,9
