,base,P5,P50,P95
Electricity TMP,1014.9999999999999,959.8952027157412,1011.6903446348863,1064.3796537384262
Electricity paper machines,195.9,174.6409207160829,212.20645349195297,260.5033504892
Electricity electric boilers,145.0,93.32309676661926,132.59668732503565,159.41587285239478
Recovered TMP steam,470.6765143430467,419.87120839557485,470.32587802784286,521.8948837490079
Share of steam from TMP,0.768,0.7453506420599723,0.7854988749785463,0.8395532078104854
"Steam residual (hot water, venting)",134.14280658776832,33.27837273050677,120.02950816871967,205.6938551534529
Heat to water,232.87284264166667,180.2121973561782,224.82938660321025,273.1852690324203
Heat to air,1205.2501573583334,1159.0621726365518,1213.6744412420876,1264.8967255450646
TMP kWh/t,2405.8803033068407,2270.7622519629613,2396.821903013796,2526.680528467411
Exergy destroyed TMP,806.3031902046096,752.0118885936051,799.2903779345738,847.9577046553828
Exergy destroyed PM,287.0904403947296,262.7737385256581,303.13190369396676,350.8523114432135
Exergy destroyed boilers,100.26050784669249,64.59796633313906,91.76689130569028,110.34250366106103
Exergy destroyed total,1328.61291409294,1299.6486557429675,1325.4548134274487,1350.9727670314976
"Saving, 90% steam from TMP",82.50000000000001,35.432783279635764,71.00491550846975,95.82275468673856
"Saving, TMP at 2,150 kWh/t (gross)",107.95154999999987,51.25156529625447,104.16584857642209,158.5696859824475
